Importance,Level,Job Zone,Code,Occupation
97,82,5,23-1023.00,"Judges, Magistrate Judges, and Magistrates"
88,71,5,23-1011.00,Lawyers
88,66,5,11-9032.00,"Education Administrators, Kindergarten through Secondary"
88,63,5,29-1211.00,Anesthesiologists
85,71,5,29-1218.00,Obstetricians and Gynecologists
85,68,5,11-1011.00,Chief Executives
85,68,5,29-1214.00,Emergency Medicine Physicians
85,64,5,29-1215.00,Family Medicine Physicians
81,73,5,23-1021.00,"Administrative Law Judges, Adjudicators, and Hearing Officers"
81,73,5,19-1021.00,Biochemists and Biophysicists
81,73,5,29-1229.05,Preventive Medicine Physicians
81,70,5,29-1241.00,"Ophthalmologists, Except Pediatric"
81,70,5,19-3022.00,Survey Researchers
81,68,4,15-2011.00,Actuaries
81,66,5,19-1041.00,Epidemiologists
81,66,5,23-1012.00,Judicial Law Clerks
81,66,5,19-3039.02,Neuropsychologists
81,66,5,29-1223.00,Psychiatrists
81,64,5,29-1221.00,"Pediatricians, General"
81,64,5,29-1229.06,Sports Medicine Physicians
81,64,5,29-1229.03,Urologists
81,63,5,19-3033.00,Clinical and Counseling Psychologists
81,63,5,19-3039.03,Clinical Neuropsychologists
81,61,4,17-2111.02,Fire-Prevention and Protection Engineers
81,59,4,11-3013.01,Security Managers
78,71,4,17-2041.00,Chemical Engineers
78,71,5,15-2021.00,Mathematicians
78,70,5,19-1029.02,Molecular and Cellular Biologists
78,70,5,29-1217.00,Neurologists
78,70,4,17-2161.00,Nuclear Engineers
78,70,5,19-2012.00,Physicists
78,70,5,29-1224.00,Radiologists
78,68,5,19-3091.00,Anthropologists and Archeologists
78,68,4,17-2141.02,Automotive Engineers
78,68,5,19-3011.00,Economists
78,68,5,13-2099.01,Financial Quantitative Analysts
78,68,5,29-1229.02,Hospitalists
78,68,4,11-3031.01,Treasurers and Controllers
78,66,4,17-2011.00,Aerospace Engineers
78,66,4,13-1199.04,Business Continuity Planners
78,66,5,29-1229.04,Physical Medicine and Rehabilitation Physicians
78,66,5,29-1071.00,Physician Assistants
78,66,5,29-1222.00,"Physicians, Pathologists"
78,64,4,13-2061.00,Financial Examiners
78,64,5,19-3032.00,Industrial-Organizational Psychologists
78,63,5,19-1029.01,Bioinformatics Scientists
78,63,5,29-1021.00,"Dentists, General"
78,63,5,19-3093.00,Historians
78,63,4,17-2121.00,Marine Engineers and Naval Architects
78,63,5,29-1161.00,Nurse Midwives
78,61,4,21-1021.00,"Child, Family, and School Social Workers"
78,61,5,29-1213.00,Dermatologists
78,61,5,11-9033.00,"Education Administrators, Postsecondary"
78,61,4,15-1299.09,Information Technology Project Managers
78,61,4,29-2036.00,Medical Dosimetrists
78,61,5,29-1041.00,Optometrists
78,59,3,53-2021.00,Air Traffic Controllers
78,59,4,53-2011.00,"Airline Pilots, Copilots, and Flight Engineers"
78,59,5,29-1229.01,Allergists and Immunologists
78,59,5,19-2011.00,Astronomers
78,59,5,11-1011.03,Chief Sustainability Officers
78,59,4,15-1241.00,Computer Network Architects
78,59,5,25-1111.00,"Criminal Justice and Law Enforcement Teachers, Postsecondary"
78,59,3,33-3021.00,Detectives and Criminal Investigators
78,59,4,13-1111.00,Management Analysts
78,59,4,27-2012.03,Media Programming Directors
78,59,4,11-9111.00,Medical and Health Services Managers
78,59,5,29-1299.01,Naturopathic Physicians
78,59,5,29-1171.00,Nurse Practitioners
78,59,5,29-1127.00,Speech-Language Pathologists
78,59,5,21-1011.00,Substance Abuse and Behavioral Disorder Counselors
78,57,4,29-1141.01,Acute Care Nurses
78,57,4,11-3021.00,Computer and Information Systems Managers
78,57,3,13-1041.06,Coroners
78,57,5,29-1151.00,Nurse Anesthetists
78,55,4,11-2033.00,Fundraising Managers
75,70,5,19-1029.04,Biologists
75,70,5,15-2041.01,Biostatisticians
75,70,5,25-1112.00,"Law Teachers, Postsecondary"
75,70,5,17-2199.09,Nanosystems Engineers
75,70,5,25-1054.00,"Physics Teachers, Postsecondary"
75,68,5,23-1022.00,"Arbitrators, Mediators, and Conciliators"
75,68,5,29-1216.00,General Internal Medicine Physicians
75,68,5,19-1042.00,"Medical Scientists, Except Epidemiologists"
75,68,5,29-1022.00,Oral and Maxillofacial Surgeons
75,68,4,17-2199.07,Photonics Engineers
75,68,5,19-3094.00,Political Scientists
75,66,4,19-1022.00,Microbiologists
75,66,4,17-2199.08,Robotics Engineers
75,64,5,25-1061.00,"Anthropology and Archeology Teachers, Postsecondary"
75,64,5,17-1011.00,"Architects, Except Landscape and Naval"
75,64,4,13-1041.03,Equal Opportunity Representatives and Officers
75,64,4,19-1012.00,Food Scientists and Technologists
75,64,5,19-2043.00,Hydrologists
75,64,4,17-2151.00,"Mining and Geological Engineers, Including Mining Safety Engineers"
75,64,5,15-2041.00,Statisticians
75,64,4,17-2199.10,Wind Energy Engineers
75,63,4,11-9021.00,Construction Managers
75,63,4,11-9161.00,Emergency Management Directors
75,63,5,19-1029.03,Geneticists
75,63,5,17-2112.01,Human Factors Engineers and Ergonomists
75,63,4,33-3021.06,Intelligence Analysts
75,63,5,21-1014.00,Mental Health Counselors
75,63,5,11-9121.00,Natural Sciences Managers
75,63,4,17-2171.00,Petroleum Engineers
75,63,4,19-2099.01,Remote Sensing Scientists and Technologists
75,63,5,19-3041.00,Sociologists
75,63,5,19-1013.00,Soil and Plant Scientists
75,61,5,19-1011.00,Animal Scientists
75,61,5,25-1051.00,"Atmospheric, Earth, Marine, and Space Sciences Teachers, Postsecondary"
75,61,5,29-1181.00,Audiologists
75,61,4,11-9199.11,Brownfield Redevelopment Specialists and Site Managers
75,61,4,19-2031.00,Chemists
75,61,4,13-1031.00,"Claims Adjusters, Examiners, and Investigators"
75,61,4,15-2051.02,Clinical Data Managers
75,61,5,29-1141.04,Clinical Nurse Specialists
75,61,4,11-9199.02,Compliance Managers
75,61,5,15-1221.00,Computer and Information Research Scientists
75,61,4,13-1041.01,Environmental Compliance Inspectors
75,61,5,19-3011.01,Environmental Economists
75,61,5,25-1053.00,"Environmental Science Teachers, Postsecondary"
75,61,4,11-3031.00,Financial Managers
75,61,4,13-2099.04,"Fraud Examiners, Investigators and Analysts"
75,61,4,17-2141.01,Fuel Cell Engineers
75,61,5,19-2042.00,"Geoscientists, Except Hydrologists and Geographers"
75,61,4,11-3121.00,Human Resources Managers
75,61,4,19-2032.00,Materials Scientists
75,61,5,25-1126.00,"Philosophy and Religion Teachers, Postsecondary"
75,61,5,29-1081.00,Podiatrists
75,61,5,25-1113.00,"Social Work Teachers, Postsecondary"
75,61,4,19-3099.01,Transportation Planners
75,61,5,19-3051.00,Urban and Regional Planners
75,61,4,11-9199.10,Wind Energy Development Managers
75,59,4,11-2011.00,Advertising and Promotions Managers
75,59,5,25-1041.00,"Agricultural Sciences Teachers, Postsecondary"
75,59,3,49-3011.00,Aircraft Mechanics and Service Technicians
75,59,4,19-2021.00,Atmospheric and Space Scientists
75,59,3,19-4031.00,Chemical Technicians
75,59,4,17-2061.00,Computer Hardware Engineers
75,59,4,29-1141.03,Critical Care Nurses
75,59,5,29-1031.00,Dietitians and Nutritionists
75,59,4,17-2071.00,Electrical Engineers
75,59,4,17-2072.00,"Electronics Engineers, Except Computer"
75,59,4,17-2199.03,"Energy Engineers, Except Wind and Solar"
75,59,5,19-2041.02,Environmental Restoration Planners
75,59,3,19-4092.00,Forensic Science Technicians
75,59,3,13-1041.04,Government Property Inspectors and Investigators
75,59,5,15-1211.01,Health Informatics Specialists
75,59,5,25-1071.00,"Health Specialties Teachers, Postsecondary"
75,59,4,17-2112.00,Industrial Engineers
75,59,4,15-1299.05,Information Security Engineers
75,59,4,13-1075.00,Labor Relations Specialists
75,59,5,25-1082.00,"Library Science Teachers, Postsecondary"
75,59,4,13-1081.00,Logisticians
75,59,4,13-1081.02,Logistics Analysts
75,59,5,17-2199.06,Microsystems Engineers
75,59,5,15-2031.00,Operations Research Analysts
75,59,5,29-2091.00,Orthotists and Prosthetists
75,59,4,27-2012.00,Producers and Directors
75,59,4,29-1141.00,Registered Nurses
75,59,5,19-3034.00,School Psychologists
75,59,4,17-2112.02,Validation Engineers
75,59,4,17-2051.02,Water/Wastewater Engineers
75,59,4,15-1299.01,Web Administrators
75,57,5,29-1141.02,Advanced Practice Psychiatric Nurses
75,57,3,53-6051.01,Aviation Inspectors
75,57,4,11-3051.04,Biomass Power Plant Managers
75,57,4,25-2032.00,"Career/Technical Education Teachers, Secondary School"
75,57,5,25-1052.00,"Chemistry Teachers, Postsecondary"
75,57,5,19-2041.01,Climate Change Policy Analysts
75,57,4,27-2022.00,Coaches and Scouts
75,57,3,53-2012.00,Commercial Pilots
75,57,3,15-1299.08,Computer Systems Engineers/Architects
75,57,4,11-9031.00,"Education and Childcare Administrators, Preschool and Daycare"
75,57,4,17-2081.00,Environmental Engineers
75,57,4,29-1128.00,Exercise Physiologists
75,57,3,33-1011.00,First-Line Supervisors of Correctional Officers
75,57,2,33-1012.00,First-Line Supervisors of Police and Detectives
75,57,2,11-9071.00,Gambling Managers
75,57,4,19-3092.00,Geographers
75,57,5,21-1022.00,Healthcare Social Workers
75,57,4,11-3051.00,Industrial Production Managers
75,57,4,27-1025.00,Interior Designers
75,57,5,11-3031.03,Investment Fund Managers
75,57,4,13-1161.00,Market Research Analysts and Marketing Specialists
75,57,4,29-2011.00,Medical and Clinical Laboratory Technologists
75,57,5,21-1023.00,Mental Health and Substance Abuse Social Workers
75,57,5,29-9099.01,Midwives
75,57,4,29-1129.02,Music Therapists
75,57,5,29-1122.00,Occupational Therapists
75,57,5,29-1023.00,Orthodontists
75,57,5,29-1299.02,Orthoptists
75,57,5,29-1024.00,Prosthodontists
75,57,4,41-9031.00,Sales Engineers
75,57,4,13-1199.07,Security Management Specialists
75,57,4,17-2199.11,Solar Energy Systems Engineers
75,57,4,17-2051.01,Transportation Engineers
75,57,4,11-9121.02,Water Resource Specialists
75,57,4,19-1023.00,Zoologists and Wildlife Biologists
75,55,3,33-3051.04,Customs and Border Protection Officers
75,55,4,25-2021.00,"Elementary School Teachers, Except Special Education"
75,55,3,33-2022.00,Forest Fire Inspectors and Prevention Specialists
75,55,3,11-3051.02,Geothermal Production Managers
75,55,4,17-3026.01,Nanotechnology Engineering Technologists and Technicians
75,55,5,29-1123.00,Physical Therapists
75,54,4,25-2056.00,"Special Education Teachers, Elementary School"
72,66,4,17-2031.00,Bioengineers and Biomedical Engineers
72,66,4,17-2051.00,Civil Engineers
72,64,5,25-1021.00,"Computer Science Teachers, Postsecondary"
72,64,4,13-1081.01,Logistics Engineers
72,63,5,25-1031.00,"Architecture Teachers, Postsecondary"
72,63,5,25-1011.00,"Business Teachers, Postsecondary"
72,63,5,29-1051.00,Pharmacists
72,61,5,11-9041.00,Architectural and Engineering Managers
72,61,4,15-2051.01,Business Intelligence Analysts
72,61,4,19-2041.00,"Environmental Scientists and Specialists, Including Health"
72,61,5,25-1043.00,"Forestry and Conservation Science Teachers, Postsecondary"
72,61,5,19-2041.03,Industrial Ecologists
72,61,4,11-2021.00,Marketing Managers
72,61,5,21-1013.00,Marriage and Family Therapists
72,61,4,17-2131.00,Materials Engineers
72,61,5,25-1072.00,"Nursing Instructors and Teachers, Postsecondary"
72,61,5,25-1066.00,"Psychology Teachers, Postsecondary"
72,61,4,13-1041.07,Regulatory Affairs Specialists
72,61,5,29-1131.00,Veterinarians
72,59,5,25-1062.00,"Area, Ethnic, and Cultural Studies Teachers, Postsecondary"
72,59,5,29-9091.00,Athletic Trainers
72,59,5,25-1042.00,"Biological Science Teachers, Postsecondary"
72,59,5,29-1011.00,Chiropractors
72,59,5,25-1122.00,"Communications Teachers, Postsecondary"
72,59,5,25-1063.00,"Economics Teachers, Postsecondary"
72,59,5,25-1032.00,"Engineering Teachers, Postsecondary"
72,59,5,29-9092.00,Genetic Counselors
72,59,4,17-1022.01,Geodetic Surveyors
72,59,4,15-1212.00,Information Security Analysts
72,59,5,25-9031.00,Instructional Coordinators
72,59,5,25-1022.00,"Mathematical Science Teachers, Postsecondary"
72,59,4,17-2141.00,Mechanical Engineers
72,59,5,25-1065.00,"Political Science Teachers, Postsecondary"
72,59,3,33-9021.00,Private Detectives and Investigators
72,59,4,27-3031.00,Public Relations Specialists
72,59,4,11-9151.00,Social and Community Service Managers
72,59,4,15-1252.00,Software Developers
72,57,3,17-3021.00,Aerospace Engineering and Operations Technologists and Technicians
72,57,4,17-2021.00,Agricultural Engineers
72,57,5,29-1129.01,Art Therapists
72,57,4,19-4021.00,Biological Technicians
72,57,4,11-3111.00,Compensation and Benefits Managers
72,57,4,13-2041.00,Credit Analysts
72,57,4,29-2011.01,Cytogenetic Technologists
72,57,4,15-1242.00,Database Administrators
72,57,4,21-2021.00,"Directors, Religious Activities and Education"
72,57,4,27-3041.00,Editors
72,57,5,21-1012.00,"Educational, Guidance, and Career Counselors and Advisors"
72,57,4,17-3025.00,Environmental Engineering Technologists and Technicians
72,57,4,11-9013.00,"Farmers, Ranchers, and Other Agricultural Managers"
72,57,3,27-1022.00,Fashion Designers
72,57,4,33-3031.00,Fish and Game Wardens
72,57,4,19-1032.00,Foresters
72,57,4,13-1131.00,Fundraisers
72,57,5,25-1064.00,"Geography Teachers, Postsecondary"
72,57,4,13-1071.00,Human Resources Specialists
72,57,4,11-9199.08,Loss Prevention Managers
72,57,4,27-2012.05,Media Technical Directors/Managers
72,57,3,19-4051.02,Nuclear Monitoring Technicians
72,57,3,51-8011.00,Nuclear Power Reactor Operators
72,57,3,19-5012.00,Occupational Health and Safety Technicians
72,57,4,21-1092.00,Probation Officers and Correctional Treatment Specialists
72,57,5,25-1193.00,"Recreation and Fitness Studies Teachers, Postsecondary"
72,57,4,29-1125.00,Recreational Therapists
72,57,4,11-9199.01,Regulatory Affairs Managers
72,57,3,29-1126.00,Respiratory Therapists
72,57,3,17-3024.01,Robotics Technicians
72,57,4,11-2022.00,Sales Managers
72,57,4,25-2031.00,"Secondary School Teachers, Except Special and Career/Technical Education"
72,57,3,11-9179.02,Spa Managers
72,57,4,11-3071.04,Supply Chain Managers
72,57,4,13-1199.05,Sustainability Specialists
72,57,4,27-2012.04,Talent Directors
72,57,4,13-1151.00,Training and Development Specialists
72,57,3,11-9199.09,Wind Energy Operations Managers
72,55,5,25-2059.01,Adapted Physical Education Specialists
72,55,4,11-3051.03,Biofuels Production Managers
72,55,4,13-2031.00,Budget Analysts
72,55,4,25-2023.00,"Career/Technical Education Teachers, Middle School"
72,55,3,47-4011.00,Construction and Building Inspectors
72,55,4,15-1243.01,Data Warehousing Specialists
72,55,4,15-1243.00,Database Architects
72,55,3,43-1011.00,First-Line Supervisors of Office and Administrative Support Workers
72,55,3,39-1022.00,First-Line Supervisors of Personal Service Workers
72,55,2,33-1091.00,First-Line Supervisors of Security Workers
72,55,4,11-1021.00,General and Operations Managers
72,55,5,25-1125.00,"History Teachers, Postsecondary"
72,55,3,17-3026.00,Industrial Engineering Technologists and Technicians
72,55,4,17-1012.00,Landscape Architects
72,55,4,13-1121.00,"Meeting, Convention, and Event Planners"
72,55,4,15-1244.00,Network and Computer Systems Administrators
72,55,4,13-1023.00,"Purchasing Agents, Except Wholesale, Retail, and Farm Products"
72,55,4,17-2072.01,Radio Frequency Identification Device Specialists
72,55,4,41-9021.00,Real Estate Brokers
72,55,3,53-5031.00,Ship Engineers
72,55,4,15-1253.00,Software Quality Assurance Analysts and Testers
72,55,5,25-2051.00,"Special Education Teachers, Preschool"
72,54,4,13-1021.00,"Buyers and Purchasing Agents, Farm Products"
72,54,3,49-9092.00,Commercial Divers
72,54,3,33-2011.00,Firefighters
72,54,3,33-1021.00,First-Line Supervisors of Firefighting and Prevention Workers
72,54,3,13-2081.00,"Tax Examiners and Collectors, and Revenue Agents"
72,52,3,17-3022.00,Civil Engineering Technologists and Technicians
72,52,3,29-2033.00,Nuclear Medicine Technologists
72,48,3,33-3052.00,Transit and Railroad Police
72,45,3,51-8013.04,Hydroelectric Plant Technicians
69,63,5,25-4012.00,Curators
69,59,4,13-2011.00,Accountants and Auditors
69,59,4,13-1051.00,Cost Estimators
69,59,4,13-2052.00,Personal Financial Advisors
69,59,4,11-3051.01,Quality Control Systems Managers
69,59,5,25-1067.00,"Sociology Teachers, Postsecondary"
69,57,4,27-1011.00,Art Directors
69,57,4,27-3011.00,Broadcast Announcers and Radio Disc Jockeys
69,57,4,11-9121.01,Clinical Research Coordinators
69,57,4,27-1021.00,Commercial and Industrial Designers
69,57,3,15-1211.00,Computer Systems Analysts
69,57,5,25-1081.00,"Education Teachers, Postsecondary"
69,57,5,25-1123.00,"English Language and Literature Teachers, Postsecondary"
69,57,5,25-1192.00,"Family and Consumer Sciences Teachers, Postsecondary"
69,57,4,21-1091.00,Health Education Specialists
69,57,3,11-3051.06,Hydroelectric Production Managers
69,57,3,29-2061.00,Licensed Practical and Licensed Vocational Nurses
69,57,3,43-4131.00,Loan Interviewers and Clerks
69,57,4,13-2072.00,Loan Officers
69,57,4,17-2112.03,Manufacturing Engineers
69,57,4,17-2199.05,Mechatronics Engineers
69,57,3,29-2099.01,Neurodiagnostic Technologists
69,57,4,19-5011.00,Occupational Health and Safety Specialists
69,57,4,11-3061.00,Purchasing Managers
69,57,4,19-1031.02,Range Managers
69,57,4,17-1022.00,Surveyors
69,57,4,11-3131.00,Training and Development Managers
69,57,3,29-2056.00,Veterinary Technologists and Technicians
69,57,3,13-1022.00,"Wholesale and Retail Buyers, Except Farm Products"
69,55,3,11-3012.00,Administrative Services Managers
69,55,3,53-2022.00,Airfield Operations Specialists
69,55,3,35-1011.00,Chefs and Head Cooks
69,55,5,21-2011.00,Clergy
69,55,4,13-1141.00,"Compensation, Benefits, and Job Analysis Specialists"
69,55,4,15-1251.00,Computer Programmers
69,55,3,15-1232.00,Computer User Support Specialists
69,55,4,13-2071.00,Credit Counselors
69,55,3,13-1041.08,Customs Brokers
69,55,5,29-2011.02,Cytotechnologists
69,55,3,43-9031.00,Desktop Publishers
69,55,3,47-4011.01,Energy Auditors
69,55,5,25-9021.00,Farm and Home Management Educators
69,55,3,49-1011.00,"First-Line Supervisors of Mechanics, Installers, and Repairers"
69,55,5,25-1124.00,"Foreign Language and Literature Teachers, Postsecondary"
69,55,4,17-2111.00,"Health and Safety Engineers, Except Mining Safety Engineers and Inspectors"
69,55,4,41-3021.00,Insurance Sales Agents
69,55,4,13-2053.00,Insurance Underwriters
69,55,4,11-9081.00,Lodging Managers
69,55,3,17-3027.00,Mechanical Engineering Technologists and Technicians
69,55,4,25-2022.00,"Middle School Teachers, Except Special and Career/Technical Education"
69,55,3,33-3051.00,Police and Sheriff's Patrol Officers
69,55,3,33-3021.02,Police Identification and Records Officers
69,55,2,11-9131.00,Postmasters and Mail Superintendents
69,55,2,43-5031.00,Public Safety Telecommunicators
69,55,4,19-4099.03,Remote Sensing Technicians
69,55,4,13-1161.01,Search Marketing Strategists
69,55,4,19-4061.00,Social Science Research Assistants
69,55,4,25-2057.00,"Special Education Teachers, Middle School"
69,55,4,25-2058.00,"Special Education Teachers, Secondary School"
69,55,4,43-9111.00,Statistical Assistants
69,55,4,15-1255.01,Video Game Designers
69,55,3,15-1254.00,Web Developers
69,54,5,29-1291.00,Acupuncturists
69,54,4,13-1011.00,"Agents and Business Managers of Artists, Performers, and Athletes"
69,54,3,49-2091.00,Avionics Technicians
69,54,3,29-2031.00,Cardiovascular Technologists and Technicians
69,54,3,25-1194.00,"Career/Technical Education Teachers, Postsecondary"
69,54,4,21-1094.00,Community Health Workers
69,54,4,15-1231.00,Computer Network Support Specialists
69,54,4,15-1299.03,Document Management Specialists
69,54,3,17-3023.00,Electrical and Electronic Engineering Technologists and Technicians
69,54,3,49-2094.00,"Electrical and Electronics Repairers, Commercial and Industrial Equipment"
69,54,4,11-9072.00,"Entertainment and Recreation Managers, Except Gambling"
69,54,4,19-4042.00,"Environmental Science and Protection Technicians, Including Health"
69,54,3,11-3013.00,Facilities Managers
69,54,3,45-1011.00,"First-Line Supervisors of Farming, Fishing, and Forestry Workers"
69,54,3,37-1012.00,"First-Line Supervisors of Landscaping, Lawn Service, and Groundskeeping Workers"
69,54,3,51-1011.00,First-Line Supervisors of Production and Operating Workers
69,54,2,33-9031.00,Gambling Surveillance Officers and Gambling Investigators
69,54,4,27-3043.05,"Poets, Lyricists and Creative Writers"
69,54,2,51-8013.00,Power Plant Operators
69,54,2,43-3061.00,Procurement Clerks
69,54,4,41-3031.00,"Securities, Commodities, and Financial Services Sales Agents"
69,54,5,27-1027.00,Set and Exhibit Designers
69,54,4,27-1014.00,Special Effects Artists and Animators
69,54,3,25-3041.00,Tutors
69,52,2,33-3012.00,Correctional Officers and Jailers
69,52,3,19-4012.01,Precision Agriculture Technicians
69,52,2,33-9099.02,Retail Loss Prevention Specialists
69,50,2,53-1041.00,Aircraft Cargo Handling Supervisors
69,50,3,51-9082.00,Medical Appliance Technicians
69,48,3,27-4012.00,Broadcast Technicians
69,48,3,49-2092.00,"Electric Motor, Power Tool, and Related Repairers"
69,48,3,49-2095.00,"Electrical and Electronics Repairers, Powerhouse, Substation, and Relay"
69,48,3,51-6092.00,Fabric and Apparel Patternmakers
69,48,3,19-4071.00,Forest and Conservation Technicians
69,48,2,37-2021.00,Pest Control Workers
69,48,3,49-9097.00,Signal and Track Switch Repairers
69,46,2,49-9031.00,Home Appliance Repairers
69,46,2,49-9095.00,Manufactured Building and Mobile Home Installers
69,46,2,47-5013.00,"Service Unit Operators, Oil and Gas"
69,45,2,27-2021.00,Athletes and Sports Competitors
69,45,3,25-2011.00,"Preschool Teachers, Except Special Education"
69,37,2,53-7041.00,Hoist and Winch Operators
66,59,4,11-9041.01,Biofuels/Biodiesel Technology and Product Development Managers
66,57,2,45-2011.00,Agricultural Inspectors
66,57,3,41-9022.00,Real Estate Sales Agents
66,57,3,39-9041.00,Residential Advisors
66,57,4,21-1093.00,Social and Human Service Assistants
66,57,4,27-3043.00,Writers and Authors
66,55,5,25-1121.00,"Art, Drama, and Music Teachers, Postsecondary"
66,55,2,39-1013.00,First-Line Supervisors of Gambling Services Workers
66,55,4,41-1012.00,First-Line Supervisors of Non-Retail Sales Workers
66,55,4,27-3091.00,Interpreters and Translators
66,55,4,19-1031.03,Park Naturalists
66,55,4,21-1015.00,Rehabilitation Counselors
66,55,4,27-3042.00,Technical Writers
66,54,5,29-1071.01,Anesthesiologist Assistants
66,54,3,17-3024.00,Electro-Mechanical and Mechatronics Technologists and Technicians
66,54,4,11-9179.01,Fitness and Wellness Coordinators
66,54,2,11-9051.00,Food Service Managers
66,54,3,15-1299.02,Geographic Information Systems Technologists and Technicians
66,54,5,25-4022.00,Librarians and Media Collections Specialists
66,54,3,29-2099.08,Patient Representatives
66,54,3,51-8012.00,Power Distributors and Dispatchers
66,54,3,29-2053.00,Psychiatric Technicians
66,54,3,15-1241.01,Telecommunications Engineering Specialists
66,54,3,49-2022.00,"Telecommunications Equipment Installers and Repairers, Except Line Installers"
66,52,2,51-9161.00,Computer Numerically Controlled Tool Operators
66,52,3,53-1043.00,First-Line Supervisors of Material-Moving Machine and Vehicle Operators
66,52,3,31-9092.00,Medical Assistants
66,52,3,49-9063.00,Musical Instrument Repairers and Tuners
66,52,2,53-4031.00,Railroad Conductors and Yardmasters
66,52,2,23-2093.00,"Title Examiners, Abstractors, and Searchers"
66,52,4,11-3071.00,"Transportation, Storage, and Distribution Managers"
66,50,4,13-2022.00,Appraisers of Personal and Business Property
66,50,2,47-5032.00,"Explosives Workers, Ordnance Handling Experts, and Blasters"
66,50,3,49-9041.00,Industrial Machinery Mechanics
66,50,2,53-1042.01,Recycling Coordinators
66,50,3,29-9093.00,Surgical Assistants
66,50,4,53-6051.00,Transportation Inspectors
66,48,3,47-1011.00,First-Line Supervisors of Construction Trades and Extraction Workers
66,48,3,19-4051.00,Nuclear Technicians
66,46,2,51-9193.00,Cooling and Freezing Equipment Operators and Tenders
66,46,3,47-4021.00,Elevator and Escalator Installers and Repairers
66,46,2,47-5012.00,"Rotary Drill Operators, Oil and Gas"
66,45,2,49-3091.00,Bicycle Repairers
66,45,2,53-4011.00,Locomotive Engineers
66,45,2,39-9011.01,Nannies
66,43,3,49-2093.00,"Electrical and Electronics Installers and Repairers, Transportation Equipment"
66,43,2,53-7071.00,Gas Compressor and Gas Pumping Station Operators
66,43,2,49-9044.00,Millwrights
63,55,2,41-1011.00,First-Line Supervisors of Retail Sales Workers
63,55,5,29-1122.01,"Low Vision Therapists, Orientation and Mobility Specialists, and Vision Rehabilitation Therapists"
63,55,4,13-1199.06,Online Merchants
63,55,3,29-2081.00,"Opticians, Dispensing"
63,55,4,11-9141.00,"Property, Real Estate, and Community Association Managers"
63,54,3,27-4011.00,Audio and Video Technicians
63,54,4,15-2099.01,Bioinformatics Technicians
63,54,4,17-1021.00,Cartographers and Photogrammetrists
63,54,2,51-8091.00,Chemical Plant and System Operators
63,54,4,19-1031.00,Conservation Scientists
63,54,3,33-2021.00,Fire Inspectors and Investigators
63,54,4,27-2041.00,Music Directors and Composers
63,54,3,29-1124.00,Radiation Therapists
63,54,4,41-4012.00,"Sales Representatives, Wholesale and Manufacturing, Except Technical and Scientific Products"
63,54,3,27-4014.00,Sound Engineering Technicians
63,52,4,13-1041.00,Compliance Officers
63,52,3,17-3012.00,Electrical and Electronics Drafters
63,52,3,43-4061.00,"Eligibility Interviewers, Government Programs"
63,52,3,49-3041.00,Farm Equipment Mechanics and Service Technicians
63,52,3,11-9171.00,Funeral Home Managers
63,52,3,47-4041.00,Hazardous Materials Removal Workers
63,52,3,49-9021.00,"Heating, Air Conditioning, and Refrigeration Mechanics and Installers"
63,52,3,29-2012.01,Histology Technicians
63,52,2,17-3029.01,Non-Destructive Testing Specialists
63,52,3,47-1011.03,Solar Energy Installation Managers
63,52,3,41-4011.07,Solar Sales Representatives and Assessors
63,52,3,13-2082.00,Tax Preparers
63,50,4,25-3011.00,"Adult Basic Education, Adult Secondary Education, and English as a Second Language Instructors"
63,50,2,33-9011.00,Animal Control Workers
63,50,4,13-2023.00,Appraisers and Assessors of Real Estate
63,50,3,49-3023.00,Automotive Service Technicians and Mechanics
63,50,3,29-2032.00,Diagnostic Medical Sonographers
63,50,4,27-4032.00,Film and Video Editors
63,50,3,47-2152.00,"Plumbers, Pipefitters, and Steamfitters"
63,48,3,17-3027.01,Automotive Engineering Technicians
63,48,3,49-9061.00,Camera and Photographic Equipment Repairers
63,46,2,51-8092.00,Gas Plant Operators
63,46,4,19-4043.00,"Geological Technicians, Except Hydrologic Technicians"
63,46,2,47-2022.00,Stonemasons
63,45,3,49-2011.00,"Computer, Automated Teller, and Office Machine Repairers"
63,45,3,29-1292.00,Dental Hygienists
63,45,1,47-5011.00,"Derrick Operators, Oil and Gas"
63,45,3,49-2096.00,"Electronic Equipment Installers and Repairers, Motor Vehicles"
63,45,2,51-6093.00,Upholsterers
63,45,3,49-9081.00,Wind Turbine Service Technicians
63,43,2,53-3011.00,"Ambulance Drivers and Attendants, Except Emergency Medical Technicians"
63,43,2,47-2011.00,Boilermakers
63,43,2,49-9011.00,Mechanical Door Repairers
63,41,2,31-9093.00,Medical Equipment Preparers
60,55,5,25-4011.00,Archivists
60,54,2,43-4021.00,Correspondence Clerks
60,54,3,47-2111.00,Electricians
60,54,3,13-1032.00,"Insurance Appraisers, Auto Damage"
60,54,4,41-4011.00,"Sales Representatives, Wholesale and Manufacturing, Technical and Scientific Products"
60,52,3,17-3011.00,Architectural and Civil Drafters
60,52,3,43-4011.00,Brokerage Clerks
60,52,2,47-2031.00,Carpenters
60,52,2,53-1042.00,"First-Line Supervisors of Helpers, Laborers, and Material Movers, Hand"
60,52,3,43-4161.00,"Human Resources Assistants, Except Payroll and Timekeeping"
60,52,3,29-2035.00,Magnetic Resonance Imaging Technologists
60,52,3,17-3029.08,Photonics Technicians
60,52,2,43-5061.00,"Production, Planning, and Expediting Clerks"
60,52,2,43-4181.00,Reservation and Transportation Ticket Agents and Travel Clerks
60,50,3,39-5012.00,"Hairdressers, Hairstylists, and Cosmetologists"
60,50,4,29-2011.04,Histotechnologists
60,50,4,27-3023.00,"News Analysts, Reporters, and Journalists"
60,50,3,49-2098.00,Security and Fire Alarm Systems Installers
60,50,3,25-9043.00,"Teaching Assistants, Special Education"
60,50,2,27-2023.00,"Umpires, Referees, and Other Sports Officials"
60,48,2,39-2011.00,Animal Trainers
60,48,3,27-2032.00,Choreographers
60,48,2,43-5011.01,Freight Forwarders
60,48,3,29-2012.00,Medical and Clinical Laboratory Technicians
60,48,3,31-2011.00,Occupational Therapy Assistants
60,48,2,31-1133.00,Psychiatric Aides
60,46,3,53-5021.00,"Captains, Mates, and Pilots of Water Vessels"
60,46,2,31-1121.00,Home Health Aides
60,46,4,25-3031.00,"Substitute Teachers, Short-Term"
60,46,3,17-3031.00,Surveying and Mapping Technicians
60,45,2,51-9011.00,Chemical Equipment Operators and Tenders
60,45,3,49-9012.00,"Control and Valve Installers and Repairers, Except Mechanical Door"
60,45,2,31-9099.02,Endoscopy Technicians
60,45,2,49-9094.00,Locksmiths and Safe Repairers
60,45,3,49-3051.00,Motorboat Mechanics and Service Technicians
60,43,2,45-2093.00,"Farmworkers, Farm, Ranch, and Aquacultural Animals"
60,43,2,47-5043.00,"Roof Bolters, Mining"
60,43,3,25-9042.00,"Teaching Assistants, Preschool, Elementary, Middle, and Secondary School, Except Special Education"
60,43,2,43-5111.00,"Weighers, Measurers, Checkers, and Samplers, Recordkeeping"
60,41,2,51-9141.00,Semiconductor Processing Technicians
60,39,2,53-3051.00,"Bus Drivers, School"
56,55,4,27-1024.00,Graphic Designers
56,55,3,31-2021.00,Physical Therapist Assistants
56,54,4,41-3011.00,Advertising Sales Agents
56,54,3,43-6011.00,Executive Secretaries and Executive Administrative Assistants
56,54,4,25-2012.00,"Kindergarten Teachers, Except Special Education"
56,52,2,43-5011.00,Cargo and Freight Agents
56,52,3,29-2099.05,Ophthalmic Medical Technologists
56,52,3,23-2011.00,Paralegals and Legal Assistants
56,52,3,29-2052.00,Pharmacy Technicians
56,52,3,19-4099.01,Quality Control Analysts
56,52,4,39-9032.00,Recreation Workers
56,50,3,19-4012.00,Agricultural Technicians
56,50,2,43-4051.00,Customer Service Representatives
56,50,3,29-2034.00,Radiologic Technologists and Technicians
56,50,2,47-2231.00,Solar Photovoltaic Installers
56,50,3,47-2152.04,Solar Thermal Installers and Technicians
56,50,3,53-6041.00,Traffic Technicians
56,50,2,33-9093.00,Transportation Security Screeners
56,48,3,49-3031.00,Bus and Truck Mechanics and Diesel Engine Specialists
56,48,2,43-4031.00,"Court, Municipal, and License Clerks"
56,48,2,43-4041.00,"Credit Authorizers, Checkers, and Clerks"
56,48,2,51-9081.00,Dental Laboratory Technicians
56,48,2,27-1023.00,Floral Designers
56,48,3,19-4013.00,Food Science Technicians
56,48,2,43-9041.00,Insurance Claims and Policy Processing Clerks
56,48,3,39-5091.00,"Makeup Artists, Theatrical and Performance"
56,48,3,27-1026.00,Merchandise Displayers and Window Trimmers
56,48,3,49-3042.00,"Mobile Heavy Equipment Mechanics, Except Engines"
56,48,4,25-4013.00,Museum Technicians and Conservators
56,48,3,31-2012.00,Occupational Therapy Aides
56,48,2,49-3043.00,Rail Car Repairers
56,46,2,45-2021.00,Animal Breeders
56,46,3,43-3031.00,"Bookkeeping, Accounting, and Auditing Clerks"
56,46,3,27-1013.00,"Fine Artists, Including Painters, Sculptors, and Illustrators"
56,46,2,51-9061.00,"Inspectors, Testers, Sorters, Samplers, and Weighers"
56,46,3,43-4111.00,"Interviewers, Except Eligibility and Loan"
56,46,3,17-3013.00,Mechanical Drafters
56,46,3,51-4061.00,"Model Makers, Metal and Plastic"
56,46,2,41-2022.00,Parts Salespersons
56,46,3,31-9097.00,Phlebotomists
56,46,2,47-4099.03,Weatherization Installers and Technicians
56,45,2,47-5041.00,Continuous Mining Machine Operators
56,45,3,35-2013.00,"Cooks, Private Household"
56,45,2,49-9099.01,Geothermal Technicians
56,45,3,49-9071.00,"Maintenance and Repair Workers, General"
56,45,2,31-1122.00,Personal Care Aides
56,45,3,49-2021.00,"Radio, Cellular, and Tower Equipment Installers and Repairers"
56,45,3,51-8021.00,Stationary Engineers and Boiler Operators
56,45,2,31-9096.00,Veterinary Assistants and Laboratory Animal Caretakers
56,43,3,53-7021.00,Crane and Tower Operators
56,43,2,47-5023.00,"Earth Drillers, Except Oil and Gas"
56,43,1,45-4021.00,Fallers
56,43,2,45-4023.00,Log Graders and Scalers
56,43,2,49-3053.00,Outdoor Power Equipment and Other Small Engine Mechanics
56,43,2,51-5113.00,Print Binding and Finishing Workers
56,43,2,53-4013.00,"Rail Yard Engineers, Dinkey Operators, and Hostlers"
56,43,2,47-4091.00,Segmental Pavers
56,43,2,37-3013.00,Tree Trimmers and Pruners
56,41,2,53-4022.00,"Railroad Brake, Signal, and Switch Operators and Locomotive Firers"
56,41,2,53-3053.00,Shuttle Drivers and Chauffeurs
56,41,2,51-4194.00,"Tool Grinders, Filers, and Sharpeners"
53,54,2,43-5032.00,"Dispatchers, Except Police, Fire, and Ambulance"
53,54,2,35-1012.00,First-Line Supervisors of Food Preparation and Serving Workers
53,54,3,49-9062.00,Medical Equipment Repairers
53,54,3,41-3041.00,Travel Agents
53,54,2,39-7012.00,Travel Guides
53,52,2,53-2031.00,Flight Attendants
53,52,3,29-2092.00,Hearing Aid Specialists
53,52,3,39-4031.00,"Morticians, Undertakers, and Funeral Arrangers"
53,52,3,31-9099.01,Speech-Language Pathology Assistants
53,50,3,49-2097.00,Audiovisual Equipment Installers and Repairers
53,50,2,43-3011.00,Bill and Account Collectors
53,50,3,27-4031.00,"Camera Operators, Television, Video, and Film"
53,50,3,43-4141.00,New Accounts Clerks
53,50,2,43-4151.00,Order Clerks
53,48,2,53-3031.00,Driver/Sales Workers
53,48,2,53-5022.00,Motorboat Operators
53,48,5,25-9044.00,"Teaching Assistants, Postsecondary"
53,46,3,43-3021.00,Billing and Posting Clerks
53,46,2,37-1011.00,First-Line Supervisors of Housekeeping and Janitorial Workers
53,46,3,27-4021.00,Photographers
53,46,2,43-3071.00,Tellers
53,45,2,51-2011.00,"Aircraft Structure, Surfaces, Rigging, and Systems Assemblers"
53,45,2,51-8099.01,Biofuels Processing Technicians
53,45,2,51-8013.03,Biomass Plant Technicians
53,45,3,27-1012.00,Craft Artists
53,45,3,29-2051.00,Dietetic Technicians
53,45,3,39-4011.00,Embalmers
53,45,2,51-7021.00,Furniture Finishers
53,45,3,51-4041.00,Machinists
53,45,3,49-3052.00,Motorcycle Mechanics
53,45,3,31-1131.00,Nursing Assistants
53,45,3,43-3051.00,Payroll and Timekeeping Clerks
53,45,2,51-9151.00,Photographic Process Workers and Processing Machine Operators
53,45,2,51-5112.00,Printing Press Operators
53,45,2,53-7072.00,"Pump Operators, Except Wellhead Pumpers"
53,45,2,41-2031.00,Retail Salespersons
53,45,3,25-3021.00,Self-Enrichment Teachers
53,45,2,47-2221.00,Structural Iron and Steel Workers
53,45,3,29-2055.00,Surgical Technologists
53,45,2,49-9052.00,Telecommunications Line Installers and Repairers
53,45,3,51-4111.00,Tool and Die Makers
53,43,2,47-2021.00,Brickmasons and Blockmasons
53,43,2,39-9011.00,Childcare Workers
53,43,2,49-9051.00,Electrical Power-Line Installers and Repairers
53,43,2,51-3091.00,"Food and Tobacco Roasting, Baking, and Drying Machine Operators and Tenders"
53,43,2,45-4011.00,Forest and Conservation Workers
53,43,2,51-9051.00,"Furnace, Kiln, Oven, Drier, and Kettle Operators and Tenders"
53,43,2,47-3013.00,Helpers--Electricians
53,43,2,43-6013.00,Medical Secretaries and Administrative Assistants
53,43,2,51-4035.00,"Milling and Planing Machine Setters, Operators, and Tenders, Metal and Plastic"
53,43,2,33-3041.00,Parking Enforcement Workers
53,43,3,51-5111.00,Prepress Technicians and Workers
53,43,2,47-4061.00,Rail-Track Laying and Maintenance Equipment Operators
53,43,2,43-4171.00,Receptionists and Information Clerks
53,43,2,49-9096.00,Riggers
53,43,2,51-4023.00,"Rolling Machine Setters, Operators, and Tenders, Metal and Plastic"
53,43,2,53-5011.00,Sailors and Marine Oilers
53,43,2,33-9032.00,Security Guards
53,43,2,51-9012.00,"Separating, Filtering, Clarifying, Precipitating, and Still Machine Setters, Operators, and Tenders"
53,43,1,47-4071.00,Septic Tank Servicers and Sewer Pipe Cleaners
53,43,2,47-2211.00,Sheet Metal Workers
53,43,3,39-5094.00,Skincare Specialists
53,43,3,49-9064.00,Watch and Clock Repairers
53,43,2,53-7073.00,Wellhead Pumpers
53,41,2,35-3011.00,Bartenders
53,41,2,41-2021.00,Counter and Rental Clerks
53,41,1,45-3031.00,Fishing and Hunting Workers
53,41,2,51-3092.00,Food Batchmakers
53,41,2,47-5081.00,Helpers--Extraction Workers
53,41,2,51-9023.00,"Mixing and Blending Machine Setters, Operators, and Tenders"
53,41,2,37-3012.00,"Pesticide Handlers, Sprayers, and Applicators, Vegetation"
53,41,2,47-2181.00,Roofers
53,39,2,53-3052.00,"Bus Drivers, Transit and Intercity"
53,39,2,51-4021.00,"Extruding and Drawing Machine Setters, Operators, and Tenders, Metal and Plastic"
53,39,2,49-9098.00,"Helpers--Installation, Maintenance, and Repair Workers"
53,32,1,47-5071.00,"Roustabouts, Oil and Gas"
50,52,2,43-6014.00,"Secretaries and Administrative Assistants, Except Legal, Medical, and Executive"
50,50,2,51-9162.00,Computer Numerically Controlled Tool Programmers
50,50,2,39-6012.00,Concierges
50,50,3,51-9071.00,Jewelers and Precious Stone and Metal Workers
50,50,2,51-8093.00,"Petroleum Pump System Operators, Refinery Operators, and Gaugers"
50,50,2,49-3092.00,Recreational Vehicle Service Technicians
50,46,2,13-1074.00,Farm Labor Contractors
50,46,2,43-3041.00,Gambling Cage Workers
50,46,3,25-4031.00,Library Technicians
50,46,3,31-9011.00,Massage Therapists
50,46,2,43-5051.00,Postal Service Clerks
50,46,2,53-4041.00,Subway and Streetcar Operators
50,45,3,33-3011.00,Bailiffs
50,45,2,35-2014.00,"Cooks, Restaurant"
50,45,3,31-9091.00,Dental Assistants
50,45,2,51-9194.00,Etchers and Engravers
50,45,3,51-9071.06,Gem and Diamond Workers
50,45,2,51-4192.00,"Layout Workers, Metal and Plastic"
50,45,3,31-9094.00,Medical Transcriptionists
50,45,2,51-4081.00,"Multiple Machine Tool Setters, Operators, and Tenders, Metal and Plastic"
50,45,3,29-2057.00,Ophthalmic Medical Technicians
50,45,3,51-7032.00,"Patternmakers, Wood"
50,45,2,31-2022.00,Physical Therapist Aides
50,45,3,51-9195.05,"Potters, Manufacturing"
50,45,2,41-9041.00,Telemarketers
50,45,2,47-2044.00,Tile and Stone Setters
50,43,2,27-2011.00,Actors
50,43,2,49-3021.00,Automotive Body and Related Repairers
50,43,2,51-3011.00,Bakers
50,43,2,53-6011.00,Bridge and Lock Tenders
50,43,2,51-3021.00,Butchers and Meat Cutters
50,43,2,51-7011.00,Cabinetmakers and Bench Carpenters
50,43,2,51-4031.00,"Cutting, Punching, and Press Machine Setters, Operators, and Tenders, Metal and Plastic"
50,43,2,41-9011.00,Demonstrators and Product Promoters
50,43,2,51-4032.00,"Drilling and Boring Machine Tool Setters, Operators, and Tenders, Metal and Plastic"
50,43,2,51-2022.00,Electrical and Electronic Equipment Assemblers
50,43,2,51-2031.00,Engine and Other Machine Assemblers
50,43,2,47-5022.00,"Excavating and Loading Machine and Dragline Operators, Surface Mining"
50,43,3,39-9031.00,Exercise Trainers and Group Fitness Instructors
50,43,2,43-4071.00,File Clerks
50,43,2,51-9195.04,"Glass Blowers, Molders, Benders, and Finishers"
50,43,2,47-2121.00,Glaziers
50,43,2,51-4191.00,"Heat Treating Equipment Setters, Operators, and Tenders, Metal and Plastic"
50,43,2,47-2132.00,"Insulation Workers, Mechanical"
50,43,3,43-6012.00,Legal Secretaries and Administrative Assistants
50,43,2,33-9092.00,"Lifeguards, Ski Patrol, and Other Recreational Protective Service Workers"
50,43,3,49-9043.00,"Maintenance Workers, Machinery"
50,43,2,51-4051.00,Metal-Refining Furnace Operators and Tenders
50,43,3,51-7031.00,"Model Makers, Wood"
50,43,2,43-9061.00,"Office Clerks, General"
50,43,2,47-2141.00,"Painters, Construction and Maintenance"
50,43,3,51-4062.00,"Patternmakers, Metal and Plastic"
50,43,2,51-4052.00,"Pourers and Casters, Metal"
50,43,4,43-9081.00,Proofreaders and Copy Markers
50,43,2,43-5071.00,"Shipping, Receiving, and Inventory Clerks"
50,43,2,51-6052.00,"Tailors, Dressmakers, and Custom Sewers"
50,43,2,51-6064.00,"Textile Winding, Twisting, and Drawing Out Machine Setters, Operators, and Tenders"
50,43,2,51-8031.00,Water and Wastewater Treatment Plant and System Operators
50,43,2,51-4122.00,"Welding, Soldering, and Brazing Machine Setters, Operators, and Tenders"
50,41,2,53-6031.00,Automotive and Watercraft Service Attendants
50,41,2,47-2041.00,Carpet Installers
50,41,1,53-7011.00,Conveyor Operators and Tenders
50,41,2,35-2012.00,"Cooks, Institution and Cafeteria"
50,41,2,51-9032.00,"Cutting and Slicing Machine Setters, Operators, and Tenders"
50,41,2,51-2023.00,Electromechanical Equipment Assemblers
50,41,2,47-4031.00,Fence Erectors
50,41,2,51-4033.00,"Grinding, Lapping, Polishing, and Buffing Machine Tool Setters, Operators, and Tenders, Metal and Plastic"
50,41,2,53-3032.00,Heavy and Tractor-Trailer Truck Drivers
50,41,2,43-4121.00,"Library Assistants, Clerical"
50,41,2,43-9051.00,"Mail Clerks and Mail Machine Operators, Except Postal Service"
50,41,1,51-3022.00,"Meat, Poultry, and Fish Cutters and Trimmers"
50,41,2,51-9083.00,Ophthalmic Laboratory Technicians
50,41,2,51-9196.00,"Paper Goods Machine Setters, Operators, and Tenders"
50,41,2,47-2071.00,"Paving, Surfacing, and Tamping Equipment Operators"
50,41,2,31-9095.00,Pharmacy Aides
50,41,1,47-2151.00,Pipelayers
50,41,2,47-2171.00,Reinforcing Iron and Rebar Workers
50,41,2,51-6041.00,Shoe and Leather Workers and Repairers
50,41,2,51-9195.03,"Stone Cutters and Carvers, Manufacturing"
50,41,2,53-7121.00,"Tank Car, Truck, and Ship Loaders"
50,41,2,51-2092.00,Team Assemblers
50,41,2,43-2021.00,Telephone Operators
50,41,2,53-6051.07,"Transportation Vehicle, Equipment and Systems Inspectors, Except Aviation"
50,41,2,51-7042.00,"Woodworking Machine Setters, Operators, and Tenders, Except Sawing"
50,39,2,39-6011.00,Baggage Porters and Bellhops
50,39,2,53-7031.00,Dredge Operators
50,39,2,51-9041.00,"Extruding, Forming, Pressing, and Compacting Machine Setters, Operators, and Tenders"
50,39,2,47-3012.00,Helpers--Carpenters
50,39,2,47-2131.00,"Insulation Workers, Floor, Ceiling, and Wall"
50,39,2,53-3033.00,Light Truck Drivers
50,39,2,47-5044.00,"Loading and Moving Machine Operators, Underground Mining"
50,39,2,43-5041.00,"Meter Readers, Utilities"
50,39,2,51-4193.00,"Plating Machine Setters, Operators, and Tenders, Metal and Plastic"
50,39,2,43-5052.00,Postal Service Mail Carriers
50,39,2,51-7041.00,"Sawing Machine Setters, Operators, and Tenders, Wood"
50,37,2,43-5021.00,Couriers and Messengers
50,37,3,27-2031.00,Dancers
50,37,2,47-2081.00,Drywall and Ceiling Tile Installers
50,37,2,51-4072.00,"Molding, Coremaking, and Casting Machine Setters, Operators, and Tenders, Metal and Plastic"
50,37,4,27-2042.00,Musicians and Singers
50,37,2,43-9071.00,"Office Machine Operators, Except Computer"
50,37,2,43-5053.00,"Postal Service Mail Sorters, Processors, and Processing Machine Operators"
50,36,2,51-6042.00,Shoe Machine Operators and Tenders
50,36,2,51-9197.00,Tire Builders
50,34,1,47-2051.00,Cement Masons and Concrete Finishers
50,34,2,51-3093.00,Food Cooking Machine Operators and Tenders
50,34,2,47-3011.00,"Helpers--Brickmasons, Blockmasons, Stonemasons, and Tile and Marble Setters"
50,34,2,51-2041.00,Structural Metal Fabricators and Fitters
50,34,2,49-3093.00,Tire Repairers and Changers
47,50,2,43-4081.00,"Hotel, Motel, and Resort Desk Clerks"
47,46,2,53-6061.00,Passenger Attendants
47,45,1,41-9091.00,"Door-to-Door Sales Workers, News and Street Vendors, and Related Workers"
47,45,3,39-7011.00,Tour Guides and Escorts
47,43,2,51-9021.00,"Crushing, Grinding, and Polishing Machine Setters, Operators, and Tenders"
47,43,2,51-6091.00,"Extruding and Forming Machine Setters, Operators, and Tenders, Synthetic and Glass Fibers"
47,43,2,47-2073.00,Operating Engineers and Other Construction Equipment Operators
47,43,2,47-2072.00,Pile Driver Operators
47,43,2,49-9045.00,"Refractory Materials Repairers, Except Brickmasons"
47,41,2,51-2021.00,"Coil Winders, Tapers, and Finishers"
47,41,2,49-9091.00,"Coin, Vending, and Amusement Machine Servicers and Repairers"
47,41,2,35-2015.00,"Cooks, Short Order"
47,41,2,39-3092.00,Costume Attendants
47,41,2,43-9021.00,Data Entry Keyers
47,41,2,51-2051.00,Fiberglass Laminators and Fabricators
47,41,2,47-2042.00,"Floor Layers, Except Carpet, Wood, and Hard Tiles"
47,41,2,51-4022.00,"Forging Machine Setters, Operators, and Tenders, Metal and Plastic"
47,41,2,39-3012.00,Gambling and Sports Book Writers and Runners
47,41,2,41-2012.00,Gambling Change Persons and Booth Cashiers
47,41,2,51-2061.00,Timing Device Assemblers and Adjusters
47,41,2,35-3031.00,Waiters and Waitresses
47,39,2,51-9191.00,Adhesive Bonding Machine Operators and Tenders
47,39,1,45-2091.00,Agricultural Equipment Operators
47,39,2,49-3022.00,Automotive Glass Installers and Repairers
47,39,3,39-5011.00,Barbers
47,39,1,35-3023.01,Baristas
47,39,2,47-4051.00,Highway Maintenance Workers
47,39,1,45-4022.00,Logging Equipment Operators
47,39,2,39-3021.00,Motion Picture Projectionists
47,39,2,53-6021.00,Parking Attendants
47,39,2,51-6061.00,Textile Bleaching and Dyeing Machine Operators and Tenders
47,39,2,51-6062.00,"Textile Cutting Machine Setters, Operators, and Tenders"
47,37,2,51-9022.00,"Grinding and Polishing Workers, Hand"
47,36,2,51-4071.00,Foundry Mold and Coremakers
47,34,2,35-3041.00,"Food Servers, Nonrestaurant"
47,34,2,47-3015.00,"Helpers--Pipelayers, Plumbers, Pipefitters, and Steamfitters"
47,34,2,47-2142.00,Paperhangers
47,34,2,51-4121.00,"Welders, Cutters, Solderers, and Brazers"
47,32,2,47-3016.00,Helpers--Roofers
47,32,2,51-9111.00,Packaging and Filling Machine Operators and Tenders
47,32,2,51-6063.00,"Textile Knitting and Weaving Machine Setters, Operators, and Tenders"
47,30,2,51-9192.00,"Cleaning, Washing, and Metal Pickling Equipment Operators and Tenders"
47,27,1,37-3011.00,Landscaping and Groundskeeping Workers
44,41,2,39-2021.00,Animal Caretakers
44,41,2,51-9124.00,"Coating, Painting, and Spraying Machine Setters, Operators, and Tenders"
44,41,2,39-3011.00,Gambling Dealers
44,39,1,39-3091.00,Amusement and Recreation Attendants
44,39,2,41-2011.00,Cashiers
44,39,2,53-7062.04,Recycling and Reclamation Workers
44,39,2,43-2011.00,"Switchboard Operators, Including Answering Service"
44,37,2,47-2061.00,Construction Laborers
44,37,1,45-2092.00,"Farmworkers and Laborers, Crop, Nursery, and Greenhouse"
44,37,1,35-9031.00,"Hosts and Hostesses, Restaurant, Lounge, and Coffee Shop"
44,37,1,51-9123.00,"Painting, Coating, and Decorating Workers"
44,37,1,47-2161.00,Plasterers and Stucco Masons
44,37,2,53-7081.00,Refuse and Recyclable Material Collectors
44,37,1,47-5051.00,"Rock Splitters, Quarry"
44,37,2,39-3031.00,"Ushers, Lobby Attendants, and Ticket Takers"
44,36,2,33-9091.00,Crossing Guards and Flaggers
44,36,1,51-6011.00,Laundry and Dry-Cleaning Workers
44,36,2,43-9022.00,Word Processors and Typists
44,34,1,47-2043.00,Floor Sanders and Finishers
44,34,2,53-7065.00,Stockers and Order Fillers
44,32,1,35-9011.00,Dining Room and Cafeteria Attendants and Bartender Helpers
44,32,1,47-3014.00,"Helpers--Painters, Paperhangers, Plasterers, and Stucco Masons"
44,32,2,51-9198.00,Helpers--Production Workers
44,32,2,53-7051.00,Industrial Truck and Tractor Operators
44,30,3,37-2011.00,"Janitors and Cleaners, Except Maids and Housekeeping Cleaners"
44,30,1,37-2012.00,Maids and Housekeeping Cleaners
44,30,2,31-1132.00,Orderlies
44,30,1,51-6031.00,Sewing Machine Operators
44,29,2,35-2021.00,Food Preparation Workers
44,29,2,53-7064.00,"Packers and Packagers, Hand"
41,39,2,51-4034.00,"Lathe and Turning Machine Tool Setters, Operators, and Tenders, Metal and Plastic"
41,37,2,39-4021.00,Funeral Attendants
41,37,2,51-9195.00,"Molders, Shapers, and Casters, Except Metal and Plastic"
41,34,1,35-2011.00,"Cooks, Fast Food"
41,34,2,47-2082.00,Tapers
41,34,2,47-2053.00,Terrazzo Workers and Finishers
41,30,1,51-9031.00,"Cutters and Trimmers, Hand"
41,27,2,41-9012.00,Models
38,39,3,27-3092.00,Court Reporters and Simultaneous Captioners
38,39,2,39-3093.00,"Locker Room, Coatroom, and Dressing Room Attendants"
38,37,2,53-7063.00,Machine Feeders and Offbearers
38,36,1,35-3023.00,Fast Food and Counter Workers
38,36,2,39-5092.00,Manicurists and Pedicurists
38,32,1,45-2041.00,"Graders and Sorters, Agricultural Products"
38,32,1,51-6021.00,"Pressers, Textile, Garment, and Related Materials"
38,30,1,51-6051.00,"Sewers, Hand"
38,30,2,39-5093.00,Shampooers
38,29,1,35-9021.00,Dishwashers
38,29,2,53-7062.00,"Laborers and Freight, Stock, and Material Movers, Hand"
35,27,2,51-3023.00,Slaughterers and Meat Packers
31,29,2,53-7061.00,Cleaners of Vehicles and Equipment
